DNI;43030577;Joaquin;Menazzi;joaquinmenazzi@hotmail.com;07/05/2024;DINERO;10000
DNI;43030557;Marcos;Gurruchaga;mgurruchaga@frba.utn.edu.ar;07/05/2024;DINERO;10000
LC;12345678;Ana;García;ana.garcia@example.com;10/08/1995;COMPRA;500
LEEE;23456789;Juan;Pérez;juan.perez@example.com;05/12/1980;VENTA;750.25
LC;34567890;Marta;Fernández;marta.fernandez@example.com;20/04/1992;DINERO;10000
LE;45678901;Luisa;Rodríguez;luisa.rodriguez@example.com;15/06/1987;COMPRA;1000
DNI;56789012;Carlos;Martínez;carlos.martinez@example.com;25/09/1975;VENTA;1500.75
